ssx10mag10cp930,ssx10pab20ct001,ssx10pab10ct001,ssxtg_2ce003,ssx10lca10ct001,ssx10pab10cf001,ssx10lbg11cp920,ssx10lbg40cp920,ssx10pab60ct001,ssx10pab30ct001,ssx10maa01cp001,ssx10lca20cf001,ssx10maa01ct001,ssx10pab30cf001,DateTime
10.2835409621029,43.8587162185157,30.3268248555539,54.9317962597951,45.2530390308983,3495.03108223402,0.493617117228038,103.974425655634,44.4721690741591,29.836590651393,6.22157651212316,207.263888039762,488.26919318134,3480.04375095428,2024-07-10 15:48:43.002196
10.2878290093627,43.8602227022004,30.3267858306145,54.9275708465604,45.2513096761891,3495.00905388516,0.493344502357698,103.976177707163,44.4691301900169,29.8365404211504,6.22361332475858,208.088656506531,487.855998423621,3480.02175923038,2024-07-10 15:48:43.739014
10.2861675386702,43.8621422693268,30.3267411507274,54.9430396229513,45.248900776949,3494.99019985648,0.492993288058766,103.977487578147,44.4661162287861,29.8364829390117,6.22704596988639,209.371227065848,487.676067310137,3480.00272441127,2024-07-10 15:48:44.455299
10.2851823411232,43.8630542404428,30.3267019713483,54.9589830007037,45.2464188497819,3494.98225431415,0.492668912605092,103.971233262556,44.4634494530343,29.8364325553626,6.22902927286739,210.150020222325,487.816198811795,3479.99452523643,2024-07-10 15:48:45.179410
10.2858111353038,43.8636481004464,30.326668378518,54.9630911670681,45.2440139790767,3494.97662656508,0.492388189442113,103.987320000127,44.4612632300772,29.8363893613493,6.22906884216242,210.795877780592,488.079834202735,3479.98872397289,2024-07-10 15:48:45.899805
10.2870884982723,43.8646341757371,30.3266235996493,54.9582187260598,45.2404258104937,3494.96763273413,0.491948676780698,103.988984263844,44.4586672735989,29.8363317876214,6.22700662829766,211.704940770221,488.442647482323,3479.9795893398,2024-07-10 15:48:46.624490
10.2871941880764,43.8655614392702,30.3265844161492,54.9471698378263,45.2369281219425,3494.96014378893,0.491747099240806,103.982490423478,44.4566420869423,29.8362814136322,6.22446270390602,212.27224354968,488.637390330826,3479.97199418551,2024-07-10 15:48:47.339135
10.2861196338868,43.8663484205077,30.326539609703,54.9346587825696,45.2325298541604,3494.95463767071,0.492053695129113,103.988254285623,44.454445324999,29.8362238211088,6.22228686683413,213.206975484423,488.681347572361,3479.96633547215,2024-07-10 15:48:48.058199
10.2849219421142,43.8666064177299,30.3265003781605,54.9305744955837,45.2283380328007,3494.95304000477,0.492501440425852,103.998776398177,44.4525274225556,29.8361734036053,6.22150827701819,213.753681283205,488.572700678799,3479.96457349868,2024-07-10 15:48:48.775353
10.2842357985028,43.8665541935667,30.3264667420026,54.9274847111273,45.224494372639,3494.95307480792,0.49288109840689,104.003859596393,44.4508800191799,29.8361301817347,6.22165694461968,214.189374267093,488.425794180877,3479.96446433734,2024-07-10 15:48:49.491849
10.2840115200333,43.866303276878,30.3264218938169,54.9299220731088,45.2190214582405,3494.95347295717,0.493304762694385,104.006171169123,44.448740874332,29.8360725572658,6.22279088882463,214.58918640545,488.278064047298,3479.96469638766,2024-07-10 15:48:50.210560
10.2843353525643,43.8661422412207,30.3263826593815,54.9367638279883,45.2139132044385,3494.95293826124,0.493583299664625,104.008758568782,44.4470044664623,29.836022148838,6.22383021694633,214.893079099703,488.247223789494,3479.96406469064,2024-07-10 15:48:50.935544
10.2848814418227,43.8661258787741,30.3263378254276,54.9364253609136,45.2077208782044,3494.95155933852,0.493806505327344,104.01142348596,44.4452110767805,29.8359645503492,6.22410325258068,215.223359718782,488.313939547546,3479.96261647966,2024-07-10 15:48:51.648323
10.285118700919,43.8662277606564,30.3262985962431,54.935892670606,45.2019990671127,3494.95038554876,0.493932569284316,104.012335494644,44.4437951384505,29.8359141565987,6.22351402229357,215.484331485842,488.440618341204,3479.96139557186,2024-07-10 15:48:52.368697
10.2850072860119,43.866328023084,30.3262649640894,54.927126585213,45.1968766136636,3494.95005748485,0.493998457719155,104.012375510224,44.4426630914288,29.8358709571233,6.22251900008817,215.9283568261,488.564282460531,3479.96102758805,2024-07-10 15:48:53.087381
10.2844818420806,43.8663605264871,30.3262201110173,54.9251200288232,45.1897384399536,3494.95108610415,0.494037200828043,104.01196419575,44.4412135450483,29.8358133505065,6.22124325487845,216.336368411434,488.731393595394,3479.96198449023,2024-07-10 15:48:53.810306
10.2837435542688,43.8661866569612,30.3261696361746,54.9293012280258,45.1813023512946,3494.95410264441,0.494026082389045,104.011204260146,44.4396178625199,29.8357485312942,6.22095039771365,216.893193363605,488.94758664522,3479.96490463056,2024-07-10 15:48:54.656327
10.2834281902931,43.8659342835145,30.3261303743705,54.9376170987561,45.1744484498428,3494.95702773755,0.493986005121382,104.010157796124,44.4384031200139,29.8356981156829,6.22126104434499,217.142271198001,489.06341682068,3479.96775809686,2024-07-10 15:48:55.384301
10.2833736554219,43.8657181829619,30.3260967234281,54.9440291685927,45.1683740818654,3494.95934807695,0.493933076563794,104.008940781029,44.4374079335479,29.8356549067371,6.22150621540355,217.896965135542,489.113703274424,3479.97002919328,2024-07-10 15:48:56.095751
10.2833954511591,43.8654734968947,30.3260518588579,54.9475764964216,45.1599936673829,3494.96207455676,0.493842884798322,104.007046438946,44.4361608322038,29.8355973015176,6.22162928696105,218.603257819757,489.135377145451,3479.97270517679,2024-07-10 15:48:56.811379
10.2833138230262,43.8652867227898,30.3260126022937,54.9486589915774,45.1524074831729,3494.96440940709,0.493748189348241,104.005324072104,44.4351368230884,29.8355468995225,6.22168006056573,219.323291657684,489.136286224875,3479.97500259168,2024-07-10 15:48:57.536721
10.2830910709787,43.8650674086486,30.3259677363799,54.9477206877055,45.1434539224639,3494.96733616051,0.493625173652019,104.003082005701,44.4340246437306,29.8354892985046,6.22168304342453,220.046693123535,489.128693554898,3479.97788363793,2024-07-10 15:48:58.274790
10.282884197603,43.8648613357096,30.3259284786407,54.9479485159525,45.1353821415133,3494.97002423479,0.49350923003844,104.000822779112,44.4330943736312,29.8354388994866,6.22161872086577,220.645292972277,489.120280924151,3479.98053309624,2024-07-10 15:48:58.993134
10.282703309153,43.8646118709336,30.3258836113434,54.9462491090087,45.1259058160929,3494.9732229193,0.493363724330976,103.99844958893,44.4320804373424,29.8353813011573,6.22143717967539,221.230105896385,489.113638259269,3479.98369036122,2024-07-10 15:48:59.741295
10.2825800644864,43.8643877273365,30.3258443530534,54.946094882251,45.1173997796861,3494.97603112271,0.493230623309899,103.996239708294,44.4312287698065,29.8353309047821,6.22143179658387,221.754686020609,489.117737182396,3479.98646394715,2024-07-10 15:49:00.468096
10.282499376817,43.8642124508045,30.3258107054111,54.9459493639678,45.1099585561964,3494.97825331283,0.493114560318055,103.994148127223,44.4305345484395,29.835287711353,6.22156252831114,222.146937737874,489.126122979591,3479.98866162436,2024-07-10 15:49:01.188758
10.282444310045,43.8639915233206,30.3257658431793,54.9490408738269,45.0998333812767,3494.98110515879,0.492952046213249,103.99142412525,44.4296535483555,29.8352301225787,6.22173505773048,222.631074566643,489.135405565969,3479.99148508766,2024-07-10 15:49:01.914438
10.282417242012,43.8638253383437,30.3257265903578,54.9507776735011,45.0907956493921,3494.98342488718,0.492808573991801,103.98908294073,44.4289295465094,29.835179735007,6.22179854009885,222.919176224765,489.141393635195,3479.99378526807,2024-07-10 15:49:02.640594
10.2823354429381,43.8636718028973,30.3256817347742,54.9497739105989,45.0802760738338,3494.98582387827,0.492645520213114,103.986405775771,44.4281564979586,29.8351221550929,6.22175437497481,223.122456049185,489.148002366101,3479.99616340579,2024-07-10 15:49:03.361405
10.2822122663429,43.8635292215886,30.3256424854961,54.9491453751684,45.0709121479646,3494.98805262039,0.492502735388425,103.983930289715,44.4275101286624,29.8350717723357,6.22173871495307,223.347356924924,489.15597566666,3479.99837084717,2024-07-10 15:49:04.083172
10.2816423968956,43.8615668736863,30.3243488380538,54.9867393722402,44.7390403925525,3495.01740803411,0.49261050227331,103.993357188558,44.4174147378271,29.8334107712196,6.22402499367842,227.477371697998,489.508509799529,3480.02738650625,2024-07-10 15:49:27.221435
10.28178931331,43.8616705201625,30.3243040926969,54.9889794652591,44.7290909413463,3495.01730630883,0.492531556135587,103.991460945514,44.4173466506562,29.8333533160384,6.22424985003322,227.216659474567,489.510330994239,3480.02728552007,2024-07-10 15:49:27.941795
10.2821178720211,43.8619661093753,30.3242146111866,54.9920435879742,44.7099860678759,3495.01695600241,0.492263087318478,103.986721296798,44.4172860266469,29.8332384203449,6.22466532627741,226.652401140168,489.512378446893,3480.02693937416,2024-07-10 15:49:29.678475
10.2822864859965,43.862155684706,30.324164281826,54.9947629764181,44.6997374855167,3495.01680542289,0.492087014815843,103.983748064312,44.4172849348118,29.8331737986491,6.22487093413557,226.497457741894,489.513911129612,3480.02679078171,2024-07-10 15:49:30.556897
10.282413742749,43.8623335664391,30.3241195473548,54.9956005542937,44.6909468713291,3495.01668767135,0.491924193190911,103.981196487882,44.417301461659,29.8331163619364,6.22505588351308,225.863283153854,489.515449885922,3480.02667337973,2024-07-10 15:49:31.278433
10.2824709778601,43.8624850494095,30.324080405933,54.996492413988,44.683513726275,3495.01667535853,0.491779844741321,103.978864584885,44.4173245776412,29.833066107582,6.22522114455078,225.53916098226,489.516641169916,3480.02665839723,2024-07-10 15:49:31.998738
10.2824864411123,43.8626272411509,30.3240468580698,54.9972832906207,44.677338852682,3495.01655837448,0.491655263330039,103.976846784431,44.4173566721016,29.8330230355855,6.22537582371816,225.232371217888,489.517845392229,3480.02654352286,2024-07-10 15:49:32.713799
10.2825221726494,43.8627721252155,30.3239965353865,54.9990799236123,44.6684278204735,3495.01696056463,0.491466224255592,103.982066309139,44.4173880153787,29.8329584285852,6.22563767318517,224.839757371988,489.520129247729,3480.0269282664,2024-07-10 15:49:33.425784
10.282584990984,43.8628500615418,30.3239629880992,55.0001105804674,44.6627263051182,3495.01717680415,0.491318497720896,103.98589846055,44.4174061699575,29.832915359731,6.22577422927549,224.584395388257,489.520129180678,3480.02713919465,2024-07-10 15:49:34.158181
10.2826856774871,43.8629801126056,30.3239182631982,55.0015715223182,44.6554302785772,3495.01724006751,0.491457625017299,103.989451786851,44.4174474464936,29.8328579415785,6.22596707324031,224.03688597157,489.519630016266,3480.02719640712,2024-07-10 15:49:34.875897
10.2827641475969,43.8631059473806,30.3238791313958,55.0028340474017,44.6493424037316,3495.01719041267,0.491802521118836,103.99360002454,44.4174944828296,29.8328077049821,6.22614548720178,223.619214365279,489.517643206398,3480.02714336084,2024-07-10 15:49:35.596124
10.2828173328303,43.863195529322,30.3238455903625,55.0026881282787,44.6443479787832,3495.01730607086,0.4920632450523,103.997266601595,44.4175315069425,29.8327646467937,6.22626756977378,223.277405693684,489.513035056868,3480.02724977114,2024-07-10 15:49:36.310115
10.2828603993261,43.8633434498792,30.3237952808361,55.0035716414114,44.6372532397797,3495.01734996109,0.492290680261736,103.998339207216,44.4175954430157,29.832700063784,6.2264397757509,222.825114429896,489.50366147798,3480.02728698833,2024-07-10 15:49:37.041463
10.2828742407745,43.863423930954,30.3237617426523,55.0044118300923,44.6327933579154,3495.01749346101,0.492332917031801,103.997407567192,44.4176370110866,29.8326570114299,6.22656879318482,222.346054272283,489.49775028088,3480.02742057577,2024-07-10 15:49:37.760382
10.2829261006892,43.8635030332031,30.3237170249092,55.0052746158262,44.627189767317,3495.01780869755,0.492299559273921,103.995877472377,44.4176838682126,29.8325996097801,6.22674275113596,222.076823387331,489.489413399178,3480.0277227701,2024-07-10 15:49:38.487804
10.2830182127804,43.8635911729559,30.3236779001674,55.0066695838062,44.6226198054877,3495.01787861457,0.492219939577111,103.994418542029,44.4177351426824,29.8325493884998,6.2268630951683,221.403750951475,489.47955181881,3480.02778699923,2024-07-10 15:49:39.210149
10.2831260583637,43.8637285563383,30.3236331899018,55.0066241713125,44.6177713625232,3495.01775173249,0.492098659298152,103.99228424946,44.4178128746615,29.8324919987252,6.22695281073347,220.430698907319,489.461989210275,3480.027656486,2024-07-10 15:49:39.935094
10.2831760795407,43.863827518258,30.3235940673743,55.0068996937577,44.6138711080751,3495.01785555124,0.491973980087226,103.99021671447,44.4178756391162,29.8324417830835,6.22704959948479,220.380534767123,489.442535868038,3480.02775357861,2024-07-10 15:49:40.657792
10.2831950630203,43.8638895719811,30.323560534781,55.0066687288318,44.6107807528071,3495.01808993799,0.49186307655899,103.988438328534,44.4179217496396,29.8323987433028,6.22715225842916,219.957791228032,489.424503086124,3480.02797717652,2024-07-10 15:49:41.388287
10.2832430687046,43.8639948875082,30.3235158269215,55.0070248899637,44.6070372205878,3495.01820890957,0.491710968976696,103.986337120961,44.4179948956522,29.832341361094,6.22725250669686,219.200007548328,489.398927649864,3480.02808946264,2024-07-10 15:49:42.102565
10.2833202742409,43.8640702330973,30.3234767092246,55.0069422671588,44.6041160065121,3495.01840137591,0.491579324701566,103.984596315328,44.4180535198187,29.8322911549714,6.22733549689142,218.933881123491,489.379589869756,3480.02827214734,2024-07-10 15:49:42.820882
10.2836424606072,43.8643722396756,30.3233593662071,55.0108391827332,44.5973711240243,3495.01849849924,0.491206819754374,103.979141871688,44.4182704980906,29.8321405560675,6.22761925632918,216.762304620439,489.34314096646,3480.02835733396,2024-07-10 15:49:44.982075
10.2837707181529,43.8645269674532,30.3233146690662,55.0064907722651,44.5956105801612,3495.01840538319,0.491488126448374,103.986403941186,44.4183754330413,29.8320831937162,6.22763600423656,215.773854059891,489.335097510911,3480.02826034718,2024-07-10 15:49:45.723407
10.2838517640297,43.8646666426583,30.3232755592468,55.0102994191509,44.5944448348898,3495.01839552726,0.491873993345594,103.994245844495,44.418472728065,29.8320330032556,6.22757516621496,215.015633891832,489.330156494738,3480.02824714234,2024-07-10 15:49:46.440153
10.2838994774004,43.8648263837887,30.3232308639526,55.0052490109921,44.5935547818775,3495.01841424164,0.492211844731319,103.996872023103,44.4185877110838,29.8319756460838,6.22724229263724,214.107744998244,489.320113764146,3480.02826201829,2024-07-10 15:49:47.156745
10.2838915921523,43.8649228433808,30.3231917535189,55.0039677538577,44.5931794982294,3495.01881128791,0.492363815686745,103.996788862016,44.4186735522132,29.8319254576406,6.22714663235926,213.486808971973,489.316151991267,3480.02864642272,2024-07-10 15:49:47.881497
10.2838661839972,43.8649868428554,30.3231582314226,55.0051279762719,44.5931615948793,3495.01919072112,0.492403668253605,103.996751686401,44.4187401862947,29.8318824411771,6.2272313725758,212.686365580045,489.31045539599,3480.02901496869,2024-07-10 15:49:48.602927
10.2838499467893,43.8650879915899,30.3231135391017,55.003926180433,44.5935703517724,3495.01940628159,0.492371215083059,103.996085513321,44.4188355855284,29.8318250914357,6.22725835015075,212.339512557275,489.284729183065,3480.02922546807,2024-07-10 15:49:49.328375
10.2835897233446,43.8653253784487,30.3217735865564,54.9806505297117,44.7426930096191,3495.03392062962,0.492077942002006,104.006678798239,44.4198205204825,29.830106133299,6.22471331566117,187.407372108183,489.130693021807,3480.04338999356,2024-07-10 15:50:13.238054
10.283535065879,43.8652724212318,30.3217345332019,54.9788669014793,44.7488656148795,3495.03423713984,0.491961613662699,104.005691572094,44.4197849901448,29.8300560448338,6.2246442116236,186.580105210834,489.138228579918,3480.04369651661,2024-07-10 15:50:13.952793
10.2834776341583,43.8651893057994,30.321701057325,54.9817074845907,44.7541791592805,3495.03479007518,0.491857365816358,104.004891414296,44.4197363473244,29.8300131108078,6.22473687120407,186.681409785335,489.144352598408,3480.04423738567,2024-07-10 15:50:14.685987
10.2834762074194,43.8651073630971,30.3216564267245,54.9832577052339,44.7613015250644,3495.03530959539,0.491716703310633,104.003564127781,44.4196797541983,29.8299558707025,6.22487211637235,185.908724366456,489.144083317071,3480.04474766621,2024-07-10 15:50:15.403509
10.2835340278363,43.865055345191,30.3216173776964,54.9839179370734,44.7675463027208,3495.03563619245,0.491592574492424,104.002487840338,44.4196355914793,29.8299057895362,6.22491479561151,185.889203736694,489.140459896982,3480.04506970098,2024-07-10 15:50:16.134260
10.283710233298,43.8650693342473,30.3215169768976,54.9843698489656,44.7837308107172,3495.03597501783,0.491269937479563,103.999526359378,44.4195822631311,29.8297770254325,6.22489578384451,185.898538246545,489.126378939809,3480.04540734497,2024-07-10 15:50:17.871939
10.2837582851883,43.8650897512626,30.3214835114291,54.9837057732039,44.7891561688085,3495.03617395801,0.491253764283051,104.000520271458,44.4195732740504,29.8297341068819,6.22486837345425,185.87910461548,489.119540984988,3480.04560433824,2024-07-10 15:50:18.585445
10.2838345191353,43.8651471175367,30.3214388934495,54.9844877696064,44.7964071297029,3495.03629595329,0.491615764442668,104.010032042248,44.4195761251428,29.8296768859706,6.22487069446987,185.83920607544,489.109362469335,3480.04572960175,2024-07-10 15:50:19.300763
10.2839141136337,43.8652178929277,30.3213998550752,54.9868733348303,44.8027638011858,3495.03637967697,0.491986256141683,104.016732656816,44.4195905810724,29.8296268211349,6.22494132364597,185.785827217209,489.101030307383,3480.04581463865,2024-07-10 15:50:20.020969
10.2840190605131,43.8652819673804,30.3213552397034,54.9858432627117,44.8100374314119,3495.0367175616,0.492258044815218,104.018272492927,44.4196043389942,29.8295696050835,6.22495175961701,185.70370857735,489.088086939581,3480.04614756574,2024-07-10 15:50:20.748661
10.2841083102316,43.8653613980342,30.3213162046943,54.9855480997178,44.8164056478143,3495.03682928247,0.492355784964462,104.018639641754,44.4196293588892,29.8295195456186,6.22493778016959,185.616936701047,489.076230969983,3480.04626059056,2024-07-10 15:50:21.472603
10.2841904856541,43.8654442512394,30.3212715943004,54.9860703612068,44.8236836183019,3495.03711444247,0.492356640461005,104.018981956091,44.419659228231,29.8294623369494,6.22491726319081,185.501173918905,489.064813822359,3480.04654085734,2024-07-10 15:50:22.239823
10.2842098103508,43.865517304088,30.3212325614672,54.9823907765029,44.8300485019536,3495.0373843101,0.49229951587748,104.0185457027,44.4196893843043,29.8294122816307,6.22465273780779,185.391526251275,489.049125425293,3480.04680654682,2024-07-10 15:50:22.968642
10.2841432161656,43.8655742797186,30.3211991061956,54.9795074320497,44.8354994592989,3495.03764403272,0.492226668640959,104.017825925333,44.4197154402015,29.8293693793253,6.22446403353723,185.296083250901,489.039025550541,3480.04706093244,2024-07-10 15:50:23.686563
10.283984097243,43.865603399177,30.3211544983637,54.9795654209401,44.8427782144498,3495.03828573985,0.492112281972232,104.016702150029,44.4197334526038,29.8293121762762,6.22446656170032,185.975490134642,489.035012710035,3480.04768892906,2024-07-10 15:50:24.415120
10.2839072965868,43.8655805216542,30.3211154671811,54.979277134168,44.8491442967063,3495.03901569575,0.492005298408443,104.015468179591,44.4197292145329,29.8292621252273,6.2245096063137,185.830022961414,489.029079984444,3480.04840320995,2024-07-10 15:50:25.135100
10.2839226277844,43.8655554517045,30.3210708640865,54.9788578497907,44.8564194800566,3495.03963646898,0.491878400395095,104.014380531456,44.4197232367127,29.8292049294476,6.22447850222884,186.453971581615,489.01859983747,3480.04901100702,2024-07-10 15:50:25.860443
10.2839454464181,43.8655433083798,30.3210318395513,54.9781194713024,44.8627769827882,3495.04003111322,0.491764788972275,104.013239713926,44.4197208821573,29.82915488763,6.22442228088235,186.283166833226,489.012361727277,3480.04939578945,2024-07-10 15:50:26.598308
10.2839291218645,43.8655532694793,30.3209872432376,54.9768176387123,44.8700421089488,3495.0402335339,0.491633729509512,104.01197450535,44.4197270148049,29.8290977014751,6.22435109982305,186.863080163248,489.008098720099,3480.04959584659,2024-07-10 15:50:27.332679
10.2838758982481,43.8655288397019,30.3209482218019,54.9765478167508,44.8763869329478,3495.04071698278,0.491519195917313,104.010892189071,44.4197219358496,29.8290476649947,6.22432798641803,187.498766277372,489.007474123518,3480.05006471829,2024-07-10 15:50:28.059060
10.2838154290777,43.8654967643053,30.3209147746486,54.9758463284269,44.8818181765795,3495.04116831392,0.491421877072045,104.009928178188,44.4197086039766,29.8290047770602,6.22428182092819,187.232538296033,489.007245777212,3480.05050666385,2024-07-10 15:50:28.775790
10.2837429818571,43.865450729194,30.3208701828931,54.9755519448585,44.8890481616285,3495.04170098035,0.491293509978895,104.008751644026,44.4196873882756,29.8289475990524,6.22424429724856,187.747978501502,489.009016498012,3480.05102443351,2024-07-10 15:50:29.489785
10.2837162781465,43.8653766422106,30.3208311642197,54.9767395725096,44.895358415882,3495.04238151195,0.491360645210111,104.011668656145,44.4196525357861,29.8288975682917,6.22427689091878,188.255337861076,489.013532262064,3480.05168854611,2024-07-10 15:50:30.207778
10.2837283648792,43.8653342368463,30.3207977231594,54.976041318602,44.9007463963322,3495.04266559749,0.491655195987349,104.01870341396,44.4196324151822,29.8288546893278,6.22429666759259,188.700532425584,489.016520955741,3480.05196051445,2024-07-10 15:50:30.920837
10.2837387877113,43.86534010471,30.3207475680307,54.9757570867847,44.9087782418017,3495.04274461463,0.492102306138987,104.020394175141,44.4196242040516,29.828790379275,6.22423523885619,188.995235740385,489.018604796423,3480.05204134403,2024-07-10 15:50:31.634869
10.2837012315542,43.8653147468817,30.3207141290749,54.9750048542409,44.914082009164,3495.04309611866,0.492317370058691,104.014331771795,44.4196063850375,29.828747504331,6.22418531919755,189.21031951053,489.020504928401,3480.05238628462,2024-07-10 15:50:32.354218
10.2836129294983,43.8652604801614,30.3206695457085,54.9749545750476,44.9210783263296,3495.04368706201,0.492486608910302,104.014596927936,44.4195726086727,29.8286903408231,6.22422436979658,189.685680506463,489.025852660181,3480.05296474519,2024-07-10 15:50:33.087954
10.2835613906728,43.8651909184936,30.3206305367968,54.9759264034772,44.9271150206919,3495.04430531466,0.492534113793745,104.018300967733,44.4195318541699,29.8286403253616,6.22427013760054,190.02115422954,489.028978689322,3480.05356873634,2024-07-10 15:50:33.812961
10.283549804008,43.8651404268703,30.3205859584695,54.9766462746283,44.9339068821153,3495.04475460542,0.492509117037424,104.018211779683,44.4194912599402,29.8285831695869,6.22428364776857,190.419471363171,489.029976816779,3480.05401045723,2024-07-10 15:50:34.545442
10.2814520633328,43.8622446680409,30.3192941408207,54.9666485354605,45.0508375044451,3495.0621331873,0.49164050979999,104.014119907585,44.4168821161463,29.8269271830424,6.22351603167568,206.659097907233,489.05495832204,3480.07107964674,2024-07-10 15:50:57.748975
10.281373465901,43.8621454133382,30.3192607568232,54.9664647304147,45.0513201695068,3495.06260454978,0.491976782076094,104.021244387015,44.4167845729598,29.82688439512,6.22355560509846,207.277012445907,489.055247595751,3480.07154428954,2024-07-10 15:50:58.470457
10.2813020260495,43.8619988772438,30.3192162471985,54.9681571009183,45.0517418566512,3495.06331748331,0.49239187132465,104.018669649836,44.4166521772598,29.82682734803,6.2235389900291,208.226407006335,489.053619040837,3480.07224242587,2024-07-10 15:50:59.184780
10.2812719673294,43.8618951372304,30.3191773047125,54.9689395275643,45.0519019134949,3495.06370596083,0.49266650230534,104.013960994428,44.4165449059718,29.8267774364512,6.22355460722423,208.543435879486,489.054116343291,3480.07262513361,2024-07-10 15:50:59.915137
10.2812559131127,43.8617790924002,30.3191328008075,54.9695101032432,45.0518452467435,3495.06419755929,0.49284695661707,104.016819968007,44.4164261395014,29.8267203976483,6.2236204645434,209.328805475388,489.055481460195,3480.07310757831,2024-07-10 15:51:00.639106
10.281251738047,43.8616864056283,30.3190938614239,54.9701758404484,45.0515858422961,3495.0645486663,0.492907119597933,104.019440913186,44.4163215425599,29.8266704911725,6.22366611020007,210.385461551531,489.055443173286,3480.07345626468,2024-07-10 15:51:01.356097
10.2812569491841,43.8616188085526,30.3190604872162,54.9703209874222,45.0512089813647,3495.06481298927,0.492911226566466,104.018422195366,44.4162367576834,29.8266277174959,6.22368548618282,210.267847850578,489.054752566502,3480.07371701429,2024-07-10 15:51:02.089375
10.2812610678224,43.8615425874471,30.3190159905791,54.9704327695785,45.050483310444,3495.06519715989,0.492876443769695,104.016308961576,44.416130823826,29.8265706894019,6.22366416759193,210.744956446269,489.053668234319,3480.07409253671,2024-07-10 15:51:02.813248
10.2812432721741,43.8614867672527,30.3189770570488,54.9709063946665,45.0496413379656,3495.06547906545,0.49282692212374,104.015889606092,44.4160436657933,29.826520791713,6.22367696585557,211.185976342824,489.054205426536,3480.07437341837,2024-07-10 15:51:03.537100
10.2812168022883,43.8614499401292,30.3189325651301,54.9700944129186,45.0484432630197,3495.06572415048,0.492758390880495,104.015436971884,44.4159578898509,29.8264637706438,6.22372513118579,211.725643312836,489.055387986046,3480.07461610961,2024-07-10 15:51:04.255731
10.2812047621436,43.8614110842262,30.3188936355335,54.9710806055666,45.0471904712535,3495.0660810047,0.492694042939612,104.014248680186,44.4158826951705,29.8264138789843,6.2237220073295,212.255210641137,489.054722835201,3480.07496655939,2024-07-10 15:51:05.015610
10.2811578274258,43.8613652171996,30.3188491471752,54.9707230820386,45.045526385629,3495.06648737991,0.492618124481306,104.012957570763,44.415798510304,29.8263568636488,6.22373500744062,212.768943495706,489.054699828623,3480.07536605159,2024-07-10 15:51:05.731158
10.2810569530511,43.8613075128356,30.3188102202995,54.9716295085029,45.0438704886752,3495.06696606032,0.492551431492801,104.01216674556,44.4157194694415,29.8263069765237,6.22378696189342,212.887378577535,489.056234902776,3480.07583674079,2024-07-10 15:51:06.460820
10.2809403692924,43.8612247269212,30.3187768541962,54.9682138302774,45.0423034927453,3495.06759096016,0.492494185244077,104.011384269792,44.4156384426695,29.8262642165382,6.22377073047218,213.53935481264,489.05554440298,3480.07644907322,2024-07-10 15:51:07.181872
10.2807883085918,43.8611110589303,30.3187323690971,54.9687734488969,45.0400051846732,3495.06826431073,0.492417862482751,104.01010863023,44.4155281953503,29.826207207395,6.22369187129497,214.009768758703,489.053344049408,3480.07711221191,2024-07-10 15:51:07.898573
10.2806783936065,43.8610105268893,30.3186934472888,54.968175184915,45.0378018238849,3495.06883146847,0.492351879583641,104.009078662185,44.4154308641414,29.8261573282082,6.22371016911832,214.366994606787,489.055502378785,3480.0776677994,2024-07-10 15:51:08.618127
10.2805810458552,43.8608452465154,30.3186489655482,54.9697469223607,45.0350672498444,3495.06974690697,0.492277370534619,104.007946452054,44.4152970564035,29.8261003247194,6.22366623806623,215.009334496925,489.055638398593,3480.07856246392,2024-07-10 15:51:09.444909
10.2804919227397,43.8607095019082,30.3186100474495,54.9668789089712,45.0324884961573,3495.07034780995,0.492213965007818,104.006950757249,44.4151809479382,29.8260504512944,6.22350308398305,215.462628403244,489.0523354703,3480.07915185907,2024-07-10 15:51:10.212687
10.2803247256502,43.8605271394335,30.3185600124844,54.9673890558477,45.0289270077081,3495.07111672443,0.492134699384795,104.005650101706,44.4150253610499,29.8259863323738,6.22348263448221,215.99184534627,489.056352698469,3480.07990487411,2024-07-10 15:51:11.016944
10.2801661457291,43.8603319515386,30.3185155378009,54.9665977140174,45.0255361110345,3495.07194134824,0.492066066524168,104.004511665433,44.4148692057066,29.8259293398466,6.22355238063369,216.342006131805,489.060032382807,3480.08071368745,2024-07-10 15:51:11.773239
10.2800699416651,43.8601531556454,30.3184766256774,54.9678275221495,45.0223985572002,3495.0726308613,0.492007506155887,104.003521136987,44.4147255755169,29.8258794757603,6.22356943427808,216.76937130367,489.059534014178,3480.08138808696,2024-07-10 15:51:12.542263
10.2800081698681,43.8599694380393,30.3184321577202,54.9670151888056,45.0186257097488,3495.07323832815,0.491941569683886,104.002411279607,44.4145661034006,29.8258224926086,6.223510397929,217.510614325365,489.058277948703,3480.0819840555,2024-07-10 15:51:13.279024
10.2799629271753,43.8598217452719,30.3183932505985,54.9659682296907,45.0151666856164,3495.07371054695,0.491885173297329,104.001444001196,44.4144295599532,29.8257726358175,6.223489217722,217.565519616089,489.059163240583,3480.08244701944,2024-07-10 15:51:13.998675
10.2798836074518,43.8596854590062,30.3183487889112,54.9662328022363,45.0110437402398,3495.07402296771,0.491822895586752,104.000358988341,44.4142846536416,29.8257156615524,6.22348398273398,218.299764439404,489.060404084062,3480.08275708579,2024-07-10 15:51:14.741812
10.279791279384,43.8595642280817,30.3183098853087,54.9671477816857,45.0072922887299,3495.07447070342,0.491768980130182,103.999419212895,44.4141568546191,29.8256658103348,6.22347699218496,218.350796896576,489.060739165719,3480.08319691088,2024-07-10 15:51:15.459048
10.2797092698234,43.8594407467958,30.3182765404045,54.9657582286252,45.003972677318,3495.07499840451,0.491723085057642,103.998606481382,44.4140384955199,29.8256230824751,6.22333531901211,218.796550587639,489.058149982751,3480.08371319297,2024-07-10 15:51:16.174175
10.2795968492513,43.8592744453433,30.3182320817968,54.9647816571432,44.9994043502188,3495.07572431463,0.491927066118794,104.003189148016,44.4138788034767,29.8255661142925,6.22323495031016,219.206992505723,489.058529110968,3480.08442559272,2024-07-10 15:51:16.889981
10.2795174683404,43.8591356240836,30.3181931825488,54.9664443111063,44.9952786114301,3495.07625269039,0.492330461576164,104.011402078413,44.413740304065,29.8255162701249,6.22331651753321,219.586768427784,489.063926954313,3480.08494826205,2024-07-10 15:51:17.610558
10.279488087871,43.8590119309858,30.3181598425222,54.9670927132408,44.9916493553133,3495.07675853501,0.49264569512,104.015820936875,44.4136188509813,29.8254735495898,6.22337056212926,219.486462407234,489.065402263998,3480.08544391782,2024-07-10 15:51:18.331839
10.2795013583472,43.8588745768621,30.3181098368823,54.9670025127699,44.9860566988488,3495.07714043213,0.492958142642569,104.016452591889,44.4134553416004,29.8254094746853,6.22334296791824,219.904819163648,489.063287498408,3480.08582395186,2024-07-10 15:51:19.049426
10.2779711926449,43.856240605687,30.3167774247708,54.9643016094816,44.8213850563563,3495.09091034248,0.491969127603129,103.992230500743,44.4100821121286,29.823702438522,6.22275990450157,220.141408733027,489.056388337489,3480.09937058338,2024-07-10 15:51:43.142952
10.2779316245717,43.8560986068813,30.3167330445506,54.9659811611262,44.8172434154856,3495.0917629932,0.491939977409282,103.991599899915,44.4099711839546,29.8236455888454,6.22292918123145,219.940303431649,489.055506106012,3480.10020545161,2024-07-10 15:51:43.861762
10.277971510588,43.8560182338924,30.3166942171131,54.9646502763644,44.8137891397723,3495.09204833657,0.491959416713533,103.992168723758,44.4098904906212,29.8235958519512,6.22297519044146,219.697063302372,489.049400645616,3480.10048806832,2024-07-10 15:51:44.585198
10.2779921807091,43.8559269997295,30.3166609369011,54.9649174211928,44.8109600137478,3495.09251496503,0.492258292406667,103.998625196065,44.4098116627395,29.823553221486,6.22295729171514,219.393892564685,489.04416185964,3480.10094184261,2024-07-10 15:51:45.310447
10.2779342952536,43.8558480963684,30.3166110216509,54.9647383878124,44.8069534748264,3495.09274492197,0.492832917830819,104.008797109683,44.4097202298867,29.8234892823426,6.22280479089563,218.610812014184,489.036397111768,3480.10116965937,2024-07-10 15:51:46.029144